MoleculeId,PredictedProbability
1,0.830000
2,0.880000
3,0.640000
4,0.920000
5,0.150000
6,0.630000
7,0.900000
8,0.690000
9,0.890000
10,0.420000
11,0.370000
12,0.710000
13,0.810000
14,0.440000
15,0.320000
16,0.210000
17,0.200000
18,0.230000
19,0.490000
20,0.880000
21,0.170000
22,0.880000
23,0.840000
24,0.940000
25,0.870000
26,0.470000
27,0.180000
28,0.260000
29,0.160000
30,0.530000
31,0.360000
32,0.130000
33,0.740000
34,0.480000
35,0.550000
36,0.930000
37,0.750000
38,0.680000
39,0.870000
40,0.940000
41,0.450000
42,0.050000
43,0.680000
44,0.820000
45,0.080000
46,0.340000
47,0.800000
48,0.490000
49,0.930000
50,0.680000
51,0.820000
52,0.080000
53,0.800000
54,0.240000
55,0.160000
56,0.750000
57,0.980000
58,0.930000
59,0.940000
60,0.700000
61,0.710000
62,0.850000
63,0.320000
64,0.070000
65,0.490000
66,0.500000
67,0.420000
68,0.260000
69,0.360000
70,0.440000
71,0.890000
72,0.750000
73,0.900000
74,0.800000
75,0.250000
76,0.290000
77,0.840000
78,0.570000
79,0.910000
80,0.350000
81,0.200000
82,0.250000
83,0.130000
84,0.190000
85,0.790000
86,0.440000
87,0.490000
88,0.880000
89,0.880000
90,0.390000
91,0.560000
92,0.580000
93,0.350000
94,0.080000
95,0.700000
96,0.350000
97,0.610000
98,0.860000
99,0.830000
100,0.850000
101,0.620000
102,0.930000
103,0.620000
104,0.450000
105,0.230000
106,0.280000
107,0.670000
108,0.500000
109,0.880000
110,0.020000
111,0.490000
112,0.660000
113,0.200000
114,0.890000
115,0.820000
116,0.100000
117,0.700000
118,0.200000
119,0.510000
120,0.260000
121,0.290000
122,0.140000
123,0.950000
124,0.350000
125,0.260000
126,0.280000
127,0.540000
128,0.440000
129,0.370000
130,0.090000
131,0.050000
132,0.450000
133,0.060000
134,0.840000
135,0.580000
136,0.920000
137,0.150000
138,0.620000
139,0.720000
140,0.790000
141,0.700000
142,0.850000
143,0.810000
144,0.340000
145,0.890000
146,0.090000
147,0.780000
148,0.830000
149,0.490000
150,0.390000
151,0.130000
152,0.480000
153,0.540000
154,0.960000
155,0.970000
156,0.500000
157,0.770000
158,0.850000
159,0.530000
160,0.070000
161,0.660000
162,0.000000
163,0.220000
164,0.980000
165,0.930000
166,0.360000
167,0.590000
168,0.700000
169,0.470000
170,0.880000
171,0.950000
172,0.780000
173,0.400000
174,0.750000
175,0.150000
176,0.700000
177,0.320000
178,0.230000
179,0.560000
180,0.210000
181,0.280000
182,0.730000
183,0.590000
184,0.160000
185,0.900000
186,0.530000
187,0.880000
188,0.390000
189,0.970000
190,0.480000
191,0.200000
192,0.710000
193,0.170000
194,0.630000
195,0.950000
196,0.300000
197,0.950000
198,0.730000
199,0.660000
200,0.220000
201,0.970000
202,0.240000
203,0.380000
204,0.200000
205,0.880000
206,0.730000
207,0.520000
208,0.840000
209,0.600000
210,0.320000
211,0.740000
212,0.880000
213,0.880000
214,0.040000
215,0.590000
216,0.800000
217,0.580000
218,0.570000
219,0.530000
220,0.290000
221,0.750000
222,0.340000
223,0.230000
224,0.970000
225,0.520000
226,0.420000
227,0.290000
228,0.920000
229,0.340000
230,0.580000
231,0.600000
232,0.990000
233,0.810000
234,0.430000
235,0.820000
236,0.810000
237,0.630000
238,0.220000
239,0.840000
240,0.790000
241,0.230000
242,0.010000
243,0.700000
244,0.520000
245,0.600000
246,0.880000
247,0.210000
248,0.280000
249,0.880000
250,0.220000
251,0.470000
252,0.440000
253,0.600000
254,0.630000
255,0.960000
256,0.550000
257,0.250000
258,0.440000
259,0.550000
260,0.040000
261,0.430000
262,0.290000
263,0.280000
264,0.600000
265,0.150000
266,0.790000
267,0.880000
268,0.210000
269,0.540000
270,0.860000
271,0.930000
272,0.900000
273,0.700000
274,0.350000
275,0.330000
276,0.130000
277,0.840000
278,0.450000
279,0.640000
280,0.620000
281,0.140000
282,0.840000
283,0.810000
284,0.000000
285,0.790000
286,0.980000
287,0.890000
288,0.630000
289,0.780000
290,0.140000
291,0.250000
292,0.340000
293,0.480000
294,0.750000
295,0.070000
296,0.360000
297,0.000000
298,0.670000
299,0.730000
300,0.710000
301,0.900000
302,0.310000
303,0.560000
304,0.810000
305,0.890000
306,0.880000
307,0.410000
308,0.890000
309,0.460000
310,0.830000
311,0.960000
312,0.570000
313,0.580000
314,0.090000
315,0.770000
316,0.560000
317,0.860000
318,0.190000
319,0.340000
320,0.150000
321,0.340000
322,0.750000
323,0.890000
324,0.370000
325,0.190000
326,0.880000
327,0.980000
328,0.880000
329,0.390000
330,0.720000
331,0.650000
332,0.620000
333,0.440000
334,0.450000
335,0.680000
336,0.550000
337,0.910000
338,0.070000
339,0.120000
340,0.920000
341,0.930000
342,0.710000
343,0.120000
344,0.290000
345,0.710000
346,0.810000
347,0.250000
348,0.380000
349,0.160000
350,0.590000
351,0.400000
352,0.830000
353,0.700000
354,0.310000
355,0.770000
356,0.330000
357,0.740000
358,0.450000
359,0.180000
360,0.810000
361,0.490000
362,0.550000
363,0.930000
364,0.610000
365,0.870000
366,0.930000
367,0.540000
368,0.430000
369,0.060000
370,0.240000
371,0.740000
372,0.340000
373,0.590000
374,0.120000
375,0.670000
376,0.950000
377,0.590000
378,0.540000
379,0.890000
380,0.150000
381,0.940000
382,0.860000
383,0.910000
384,0.340000
385,0.950000
386,0.500000
387,0.180000
388,0.110000
389,0.040000
390,0.780000
391,0.710000
392,0.380000
393,0.720000
394,0.680000
395,0.980000
396,0.150000
397,0.540000
398,0.110000
399,0.590000
400,0.910000
401,0.880000
402,0.630000
403,0.060000
404,0.930000
405,0.550000
406,0.140000
407,0.980000
408,0.610000
409,0.410000
410,0.360000
411,0.570000
412,0.940000
413,0.820000
414,0.350000
415,0.770000
416,0.890000
417,0.390000
418,0.580000
419,0.490000
420,0.380000
421,0.210000
422,0.620000
423,0.700000
424,0.580000
425,0.920000
426,0.130000
427,0.730000
428,0.780000
429,0.680000
430,0.320000
431,0.620000
432,0.610000
433,0.480000
434,0.220000
435,0.450000
436,0.070000
437,0.430000
438,0.530000
439,0.030000
440,0.230000
441,0.700000
442,0.840000
443,0.900000
444,0.090000
445,0.850000
446,0.920000
447,0.370000
448,0.040000
449,0.100000
450,0.880000
451,0.470000
452,0.770000
453,0.470000
454,0.820000
455,0.660000
456,0.650000
457,0.360000
458,0.630000
459,0.190000
460,0.510000
461,0.490000
462,0.930000
463,0.630000
464,0.840000
465,0.720000
466,0.320000
467,0.260000
468,0.670000
469,0.570000
470,0.300000
471,0.090000
472,0.980000
473,0.310000
474,0.440000
475,0.520000
476,0.390000
477,0.670000
478,0.310000
479,0.340000
480,0.140000
481,0.290000
482,0.370000
483,0.420000
484,0.890000
485,0.330000
486,0.920000
487,0.220000
488,0.430000
489,0.570000
490,0.470000
491,0.050000
492,0.790000
493,0.750000
494,0.830000
495,0.480000
496,0.900000
497,0.350000
498,0.370000
499,0.370000
500,0.320000
501,0.840000
502,0.740000
503,0.570000
504,0.170000
505,0.720000
506,0.630000
507,0.330000
508,0.400000
509,0.540000
510,0.270000
511,0.960000
512,0.780000
513,0.200000
514,0.910000
515,0.880000
516,0.220000
517,0.690000
518,0.010000
519,0.450000
520,0.940000
521,0.780000
522,0.840000
523,0.810000
524,0.600000
525,0.540000
526,0.210000
527,0.830000
528,0.640000
529,0.110000
530,0.370000
531,0.710000
532,0.160000
533,0.740000
534,0.100000
535,0.500000
536,0.050000
537,0.990000
538,0.210000
539,0.940000
540,0.400000
541,0.230000
542,0.260000
543,0.530000
544,0.560000
545,0.860000
546,0.790000
547,0.820000
548,0.530000
549,0.930000
550,0.740000
551,0.440000
552,0.330000
553,0.310000
554,0.350000
555,0.040000
556,0.840000
557,0.330000
558,0.510000
559,0.590000
560,0.930000
561,0.990000
562,0.830000
563,0.570000
564,0.370000
565,0.500000
566,0.330000
567,0.420000
568,0.770000
569,0.770000
570,0.300000
571,0.670000
572,0.910000
573,0.110000
574,0.720000
575,0.360000
576,0.700000
577,0.840000
578,0.510000
579,0.740000
580,0.300000
581,0.570000
582,0.950000
583,0.130000
584,0.800000
585,0.690000
586,0.600000
587,0.960000
588,0.350000
589,0.280000
590,0.900000
591,0.710000
592,0.030000
593,0.950000
594,0.930000
595,0.810000
596,0.290000
597,0.230000
598,0.960000
599,0.980000
600,0.330000
601,0.320000
602,0.690000
603,0.860000
604,0.490000
605,0.730000
606,0.210000
607,0.820000
608,0.250000
609,0.180000
610,0.430000
611,0.570000
612,0.990000
613,0.330000
614,0.660000
615,0.980000
616,0.530000
617,0.500000
618,0.850000
619,0.000000
620,0.580000
621,0.430000
622,0.920000
623,0.400000
624,0.200000
625,0.210000
626,0.920000
627,0.210000
628,0.650000
629,0.280000
630,0.240000
631,0.260000
632,0.330000
633,0.880000
634,0.650000
635,0.850000
636,0.830000
637,1.000000
638,0.160000
639,0.610000
640,0.540000
641,0.320000
642,0.300000
643,0.230000
644,0.140000
645,0.160000
646,0.480000
647,0.030000
648,0.860000
649,0.680000
650,0.680000
651,0.860000
652,0.180000
653,0.310000
654,0.250000
655,0.290000
656,0.930000
657,0.650000
658,0.550000
659,0.660000
660,0.260000
661,0.300000
662,0.550000
663,0.310000
664,0.790000
665,0.670000
666,0.120000
667,0.460000
668,0.820000
669,0.580000
670,0.510000
671,0.350000
672,0.910000
673,0.190000
674,0.580000
675,0.880000
676,0.350000
677,0.430000
678,0.240000
679,0.590000
680,0.020000
681,0.470000
682,0.360000
683,0.230000
684,0.620000
685,0.630000
686,0.130000
687,0.150000
688,0.610000
689,0.170000
690,0.710000
691,0.690000
692,0.680000
693,0.520000
694,0.850000
695,0.260000
696,0.820000
697,0.840000
698,0.430000
699,0.940000
700,0.720000
701,0.370000
702,0.290000
703,0.740000
704,0.700000
705,0.710000
706,0.390000
707,0.530000
708,0.560000
709,0.880000
710,0.870000
711,0.100000
712,0.800000
713,0.380000
714,0.600000
715,0.830000
716,0.730000
717,0.420000
718,0.950000
719,0.790000
720,0.600000
721,0.900000
722,0.770000
723,0.920000
724,0.490000
725,0.530000
726,0.010000
727,0.290000
728,0.220000
729,0.090000
730,0.580000
731,0.750000
732,0.520000
733,0.770000
734,0.270000
735,0.250000
736,0.340000
737,0.130000
738,0.470000
739,0.970000
740,0.860000
741,0.680000
742,0.420000
743,0.260000
744,0.860000
745,0.540000
746,0.070000
747,0.310000
748,0.570000
749,0.810000
750,0.460000
751,0.140000
752,0.570000
753,0.670000
754,0.670000
755,0.700000
756,0.580000
757,0.770000
758,0.560000
759,0.960000
760,0.790000
761,0.620000
762,0.480000
763,0.910000
764,0.850000
765,0.540000
766,0.320000
767,0.510000
768,0.820000
769,0.590000
770,0.790000
771,0.010000
772,0.400000
773,0.350000
774,0.340000
775,0.880000
776,0.970000
777,0.420000
778,0.690000
779,0.370000
780,0.870000
781,0.830000
782,0.790000
783,0.150000
784,0.730000
785,0.150000
786,0.990000
787,0.680000
788,0.480000
789,0.250000
790,0.170000
791,0.350000
792,0.120000
793,0.290000
794,0.290000
795,0.600000
796,0.760000
797,0.870000
798,0.450000
799,0.590000
800,0.970000
801,0.190000
802,0.660000
803,0.620000
804,0.880000
805,0.840000
806,0.430000
807,0.310000
808,0.120000
809,0.410000
810,0.300000
811,0.680000
812,0.630000
813,0.580000
814,0.950000
815,0.150000
816,0.860000
817,0.160000
818,0.830000
819,0.580000
820,0.850000
821,0.050000
822,0.760000
823,0.010000
824,0.280000
825,0.660000
826,0.860000
827,0.560000
828,0.790000
829,0.670000
830,0.960000
831,0.790000
832,0.940000
833,0.360000
834,0.890000
835,0.330000
836,0.810000
837,0.800000
838,0.230000
839,0.570000
840,0.610000
841,0.610000
842,0.130000
843,0.050000
844,0.410000
845,0.900000
846,0.590000
847,0.780000
848,0.470000
849,0.410000
850,0.360000
851,0.920000
852,0.970000
853,0.970000
854,0.080000
855,0.720000
856,0.500000
857,0.500000
858,0.900000
859,0.210000
860,0.160000
861,0.780000
862,0.670000
863,0.680000
864,0.730000
865,0.340000
866,0.250000
867,0.810000
868,0.720000
869,0.850000
870,0.560000
871,0.430000
872,0.580000
873,0.820000
874,0.390000
875,0.780000
876,0.550000
877,0.410000
878,0.930000
879,0.880000
880,0.390000
881,0.560000
882,0.600000
883,0.910000
884,0.160000
885,0.180000
886,0.160000
887,0.420000
888,0.790000
889,0.220000
890,0.270000
891,0.250000
892,0.360000
893,0.940000
894,0.570000
895,0.780000
896,0.600000
897,0.730000
898,0.490000
899,0.160000
900,0.820000
901,0.000000
902,0.590000
903,0.200000
904,0.970000
905,0.980000
906,0.500000
907,0.340000
908,0.540000
909,0.980000
910,0.280000
911,0.330000
912,0.750000
913,0.900000
914,0.330000
915,0.790000
916,0.440000
917,0.300000
918,0.390000
919,0.590000
920,0.050000
921,0.390000
922,0.880000
923,0.180000
924,0.390000
925,0.950000
926,0.570000
927,0.330000
928,0.100000
929,0.040000
930,0.780000
931,0.160000
932,0.190000
933,0.020000
934,0.860000
935,0.640000
936,0.200000
937,0.990000
938,0.550000
939,0.990000
940,0.370000
941,0.730000
942,0.300000
943,0.040000
944,0.360000
945,0.570000
946,0.630000
947,0.440000
948,0.650000
949,0.160000
950,0.550000
951,0.910000
952,0.230000
953,0.230000
954,0.090000
955,0.210000
956,0.180000
957,0.780000
958,0.380000
959,0.410000
960,0.380000
961,0.540000
962,0.690000
963,0.530000
964,0.650000
965,0.030000
966,0.730000
967,0.350000
968,0.710000
969,0.280000
970,0.130000
971,0.240000
972,0.420000
973,0.950000
974,0.900000
975,0.790000
976,0.670000
977,0.920000
978,0.310000
979,0.840000
980,0.290000
981,0.400000
982,0.160000
983,0.780000
984,0.900000
985,0.280000
986,0.140000
987,0.700000
988,0.770000
989,0.180000
990,0.530000
991,0.810000
992,0.230000
993,0.810000
994,0.260000
995,0.330000
996,0.700000
997,0.430000
998,0.250000
999,0.650000
1000,0.500000
1001,0.160000
1002,0.880000
1003,0.970000
1004,0.490000
1005,0.750000
1006,0.220000
1007,0.570000
1008,0.940000
1009,0.540000
1010,0.260000
1011,0.700000
1012,0.270000
1013,0.290000
1014,0.330000
1015,0.240000
1016,0.760000
1017,0.410000
1018,0.810000
1019,0.710000
1020,0.410000
1021,0.560000
1022,0.430000
1023,0.650000
1024,0.790000
1025,0.570000
1026,0.430000
1027,0.290000
1028,0.380000
1029,0.810000
1030,0.990000
1031,0.660000
1032,0.370000
1033,0.840000
1034,0.210000
1035,0.600000
1036,0.340000
1037,0.670000
1038,0.620000
1039,0.360000
1040,0.400000
1041,0.360000
1042,0.800000
1043,0.920000
1044,0.300000
1045,0.480000
1046,0.950000
1047,0.930000
1048,0.620000
1049,0.330000
1050,0.910000
1051,0.250000
1052,0.450000
1053,0.960000
1054,0.760000
1055,0.750000
1056,0.960000
1057,0.120000
1058,0.850000
1059,0.240000
1060,0.330000
1061,0.310000
1062,0.340000
1063,0.940000
1064,0.280000
1065,0.500000
1066,0.520000
1067,0.590000
1068,0.810000
1069,0.460000
1070,0.350000
1071,0.500000
1072,0.830000
1073,0.990000
1074,0.900000
1075,0.650000
1076,0.600000
1077,0.900000
1078,0.360000
1079,0.780000
1080,0.910000
1081,0.470000
1082,0.510000
1083,0.550000
1084,0.820000
1085,0.200000
1086,0.390000
1087,0.130000
1088,0.960000
1089,0.910000
1090,0.210000
1091,0.700000
1092,0.980000
1093,0.800000
1094,0.940000
1095,0.920000
1096,0.520000
1097,0.760000
1098,0.430000
1099,0.380000
1100,0.920000
1101,0.040000
1102,0.580000
1103,0.900000
1104,0.500000
1105,0.300000
1106,0.740000
1107,0.360000
1108,0.460000
1109,0.100000
1110,0.760000
1111,0.190000
1112,0.880000
1113,0.830000
1114,0.190000
1115,0.560000
1116,0.150000
1117,0.680000
1118,0.130000
1119,0.180000
1120,0.210000
1121,0.650000
1122,0.250000
1123,0.620000
1124,0.380000
1125,0.150000
1126,0.950000
1127,0.250000
1128,0.570000
1129,0.300000
1130,0.080000
1131,0.270000
1132,0.580000
1133,0.900000
1134,0.870000
1135,0.320000
1136,0.130000
1137,0.650000
1138,0.490000
1139,0.590000
1140,0.440000
1141,0.560000
1142,0.280000
1143,0.290000
1144,0.460000
1145,0.750000
1146,1.000000
1147,0.780000
1148,0.200000
1149,0.680000
1150,0.980000
1151,0.540000
1152,0.450000
1153,0.360000
1154,0.680000
1155,0.940000
1156,0.760000
1157,0.040000
1158,0.230000
1159,0.010000
1160,0.700000
1161,0.510000
1162,0.570000
1163,0.870000
1164,0.220000
1165,0.660000
1166,0.340000
1167,0.910000
1168,0.040000
1169,0.960000
1170,0.100000
1171,0.940000
1172,0.630000
1173,0.260000
1174,0.580000
1175,0.890000
1176,0.060000
1177,0.570000
1178,0.630000
1179,0.490000
1180,0.220000
1181,0.900000
1182,0.880000
1183,0.900000
1184,0.110000
1185,0.790000
1186,0.360000
1187,0.350000
1188,0.130000
1189,0.970000
1190,0.400000
1191,0.250000
1192,0.630000
1193,0.930000
1194,0.270000
1195,0.650000
1196,0.070000
1197,0.930000
1198,0.860000
1199,0.930000
1200,0.490000
1201,0.800000
1202,0.620000
1203,0.940000
1204,0.510000
1205,0.470000
1206,0.830000
1207,0.420000
1208,0.740000
1209,0.130000
1210,0.930000
1211,0.290000
1212,0.700000
1213,0.150000
1214,0.480000
1215,0.680000
1216,0.580000
1217,0.340000
1218,0.710000
1219,0.570000
1220,0.440000
1221,0.630000
1222,0.940000
1223,0.420000
1224,0.430000
1225,0.800000
1226,0.220000
1227,0.940000
1228,0.820000
1229,0.870000
1230,0.520000
1231,0.810000
1232,0.660000
1233,0.890000
1234,0.350000
1235,0.480000
1236,0.590000
1237,0.250000
1238,0.780000
1239,0.720000
1240,0.200000
1241,0.940000
1242,0.260000
1243,0.180000
1244,0.070000
1245,0.620000
1246,0.210000
1247,0.080000
1248,0.160000
1249,0.860000
1250,0.570000
1251,0.200000
1252,0.390000
1253,0.700000
1254,0.430000
1255,0.580000
1256,0.210000
1257,0.690000
1258,0.580000
1259,0.900000
1260,0.880000
1261,0.890000
1262,0.950000
1263,0.520000
1264,0.540000
1265,0.940000
1266,0.890000
1267,0.860000
1268,0.690000
1269,0.070000
1270,0.310000
1271,0.250000
1272,0.970000
1273,0.790000
1274,0.730000
1275,0.750000
1276,0.570000
1277,0.950000
1278,0.890000
1279,0.860000
1280,0.620000
1281,0.930000
1282,0.830000
1283,0.600000
1284,0.250000
1285,0.570000
1286,0.600000
1287,0.560000
1288,0.290000
1289,0.680000
1290,0.930000
1291,0.890000
1292,0.240000
1293,0.070000
1294,0.780000
1295,0.670000
1296,0.320000
1297,0.060000
1298,0.690000
1299,0.880000
1300,0.330000
1301,0.340000
1302,0.090000
1303,0.880000
1304,0.640000
1305,0.340000
1306,0.760000
1307,0.910000
1308,0.650000
1309,0.750000
1310,0.820000
1311,0.610000
1312,0.840000
1313,0.450000
1314,0.820000
1315,0.370000
1316,0.880000
1317,0.530000
1318,0.220000
1319,0.040000
1320,0.330000
1321,0.610000
1322,0.410000
1323,0.120000
1324,0.730000
1325,0.380000
1326,0.890000
1327,0.550000
1328,0.080000
1329,0.340000
1330,0.790000
1331,0.560000
1332,0.480000
1333,0.900000
1334,0.540000
1335,0.740000
1336,0.600000
1337,0.370000
1338,0.250000
1339,0.770000
1340,0.230000
1341,0.810000
1342,0.940000
1343,0.850000
1344,0.790000
1345,0.930000
1346,0.990000
1347,0.320000
1348,0.990000
1349,0.590000
1350,0.900000
1351,0.920000
1352,0.330000
1353,0.700000
1354,0.900000
1355,0.820000
1356,0.250000
1357,0.630000
1358,0.290000
1359,0.290000
1360,0.860000
1361,0.970000
1362,0.460000
1363,0.560000
1364,0.760000
1365,0.900000
1366,0.780000
1367,0.790000
1368,0.670000
1369,0.940000
1370,0.580000
1371,0.780000
1372,0.470000
1373,0.990000
1374,0.000000
1375,0.490000
1376,0.330000
1377,0.970000
1378,0.560000
1379,0.300000
1380,0.340000
1381,0.750000
1382,0.590000
1383,0.700000
1384,0.460000
1385,0.090000
1386,0.560000
1387,0.910000
1388,0.690000
1389,0.170000
1390,0.710000
1391,0.640000
1392,0.550000
1393,0.880000
1394,0.950000
1395,0.730000
1396,0.300000
1397,0.320000
1398,0.070000
1399,0.220000
1400,0.560000
1401,0.650000
1402,0.790000
1403,0.830000
1404,0.250000
1405,0.090000
1406,0.780000
1407,0.100000
1408,0.920000
1409,0.840000
1410,0.590000
1411,0.260000
1412,0.230000
1413,0.710000
1414,0.800000
1415,0.620000
1416,0.330000
1417,0.420000
1418,0.650000
1419,0.380000
1420,0.920000
1421,0.090000
1422,0.820000
1423,0.800000
1424,0.290000
1425,0.680000
1426,0.560000
1427,0.110000
1428,0.110000
1429,0.320000
1430,0.750000
1431,0.570000
1432,0.520000
1433,0.040000
1434,0.330000
1435,0.430000
1436,0.300000
1437,0.280000
1438,0.980000
1439,0.220000
1440,0.820000
1441,0.800000
1442,0.280000
1443,0.450000
1444,0.300000
1445,0.220000
1446,0.410000
1447,0.160000
1448,0.250000
1449,0.780000
1450,0.610000
1451,0.750000
1452,0.630000
1453,0.460000
1454,0.430000
1455,0.460000
1456,0.690000
1457,0.870000
1458,0.510000
1459,0.470000
1460,0.510000
1461,0.430000
1462,0.770000
1463,0.610000
1464,0.760000
1465,0.860000
1466,0.330000
1467,0.890000
1468,0.330000
1469,0.540000
1470,0.970000
1471,0.780000
1472,0.450000
1473,0.700000
1474,0.170000
1475,0.290000
1476,0.360000
1477,0.890000
1478,0.200000
1479,0.350000
1480,0.940000
1481,0.000000
1482,0.290000
1483,0.800000
1484,0.660000
1485,0.350000
1486,0.110000
1487,0.310000
1488,0.260000
1489,0.300000
1490,0.670000
1491,0.780000
1492,0.440000
1493,0.750000
1494,0.430000
1495,0.620000
1496,0.940000
1497,0.330000
1498,0.960000
1499,0.200000
1500,0.810000
1501,0.140000
1502,0.360000
1503,0.490000
1504,0.420000
1505,0.700000
1506,0.070000
1507,0.240000
1508,0.840000
1509,0.760000
1510,0.410000
1511,0.890000
1512,0.630000
1513,0.950000
1514,0.610000
1515,0.090000
1516,0.070000
1517,0.140000
1518,0.700000
1519,0.540000
1520,0.130000
1521,0.270000
1522,0.940000
1523,0.190000
1524,0.010000
1525,0.910000
1526,0.000000
1527,0.400000
1528,0.600000
1529,0.960000
1530,0.620000
1531,0.410000
1532,0.690000
1533,0.640000
1534,0.300000
1535,0.810000
1536,0.500000
1537,0.160000
1538,0.260000
1539,0.870000
1540,0.920000
1541,0.560000
1542,0.870000
1543,0.060000
1544,0.740000
1545,0.790000
1546,0.830000
1547,0.520000
1548,0.870000
1549,0.670000
1550,0.430000
1551,0.920000
1552,0.750000
1553,0.680000
1554,0.840000
1555,0.880000
1556,0.860000
1557,0.570000
1558,0.840000
1559,0.790000
1560,0.960000
1561,0.550000
1562,0.330000
1563,0.030000
1564,0.440000
1565,0.480000
1566,0.450000
1567,0.760000
1568,0.270000
1569,0.920000
1570,0.810000
1571,0.980000
1572,0.590000
1573,0.870000
1574,0.460000
1575,0.160000
1576,0.670000
1577,0.860000
1578,0.810000
1579,0.840000
1580,0.670000
1581,0.780000
1582,0.440000
1583,0.860000
1584,0.990000
1585,0.610000
1586,0.170000
1587,0.940000
1588,0.830000
1589,0.380000
1590,0.090000
1591,0.060000
1592,0.790000
1593,0.920000
1594,0.220000
1595,0.640000
1596,0.680000
1597,0.580000
1598,0.780000
1599,0.630000
1600,0.320000
1601,0.820000
1602,0.380000
1603,0.170000
1604,0.700000
1605,0.100000
1606,0.260000
1607,0.770000
1608,0.110000
1609,0.840000
1610,0.870000
1611,0.750000
1612,0.710000
1613,0.840000
1614,0.350000
1615,0.550000
1616,0.340000
1617,0.270000
1618,0.530000
1619,0.940000
1620,0.960000
1621,0.330000
1622,0.590000
1623,0.670000
1624,0.890000
1625,0.800000
1626,0.210000
1627,0.020000
1628,0.290000
1629,0.450000
1630,0.240000
1631,0.660000
1632,0.490000
1633,0.880000
1634,0.470000
1635,0.440000
1636,0.300000
1637,0.790000
1638,0.750000
1639,0.220000
1640,0.760000
1641,0.450000
1642,0.860000
1643,0.650000
1644,0.260000
1645,1.000000
1646,0.220000
1647,0.840000
1648,0.820000
1649,0.450000
1650,0.400000
1651,0.910000
1652,0.820000
1653,0.500000
1654,0.450000
1655,0.250000
1656,0.670000
1657,0.640000
1658,0.940000
1659,0.370000
1660,0.770000
1661,0.190000
1662,0.370000
1663,0.300000
1664,0.740000
1665,0.510000
1666,0.480000
1667,0.810000
1668,0.440000
1669,0.840000
1670,0.650000
1671,0.320000
1672,0.950000
1673,0.350000
1674,0.260000
1675,0.950000
1676,0.870000
1677,0.110000
1678,0.870000
1679,0.510000
1680,0.780000
1681,0.800000
1682,0.330000
1683,0.930000
1684,0.620000
1685,0.920000
1686,0.370000
1687,0.780000
1688,0.420000
1689,0.400000
1690,0.740000
1691,0.510000
1692,0.200000
1693,0.370000
1694,0.430000
1695,0.560000
1696,0.250000
1697,0.940000
1698,0.160000
1699,0.080000
1700,0.300000
1701,0.760000
1702,0.820000
1703,0.350000
1704,0.860000
1705,0.190000
1706,0.290000
1707,0.580000
1708,0.020000
1709,0.590000
1710,0.350000
1711,0.460000
1712,0.470000
1713,0.100000
1714,0.230000
1715,0.320000
1716,0.080000
1717,0.420000
1718,0.950000
1719,0.960000
1720,0.470000
1721,0.180000
1722,0.230000
1723,0.480000
1724,0.460000
1725,0.400000
1726,0.910000
1727,0.930000
1728,0.570000
1729,0.900000
1730,0.470000
1731,0.490000
1732,0.470000
1733,0.910000
1734,0.810000
1735,0.600000
1736,0.970000
1737,0.170000
1738,0.860000
1739,0.930000
1740,0.980000
1741,0.670000
1742,0.740000
1743,0.720000
1744,0.430000
1745,0.140000
1746,0.390000
1747,0.080000
1748,0.850000
1749,0.920000
1750,0.330000
1751,0.830000
1752,0.810000
1753,0.260000
1754,0.340000
1755,0.160000
1756,0.940000
1757,0.480000
1758,0.180000
1759,0.590000
1760,0.780000
1761,0.740000
1762,0.950000
1763,0.210000
1764,0.560000
1765,0.830000
1766,0.940000
1767,0.610000
1768,0.700000
1769,0.950000
1770,0.660000
1771,0.750000
1772,0.960000
1773,0.790000
1774,0.530000
1775,0.320000
1776,0.870000
1777,0.060000
1778,0.800000
1779,0.140000
1780,0.460000
1781,0.760000
1782,0.680000
1783,0.260000
1784,0.610000
1785,0.330000
1786,0.040000
1787,0.610000
1788,0.580000
1789,0.340000
1790,0.350000
1791,0.330000
1792,0.650000
1793,0.930000
1794,0.240000
1795,0.130000
1796,0.640000
1797,0.530000
1798,0.490000
1799,0.700000
1800,0.250000
1801,0.940000
1802,0.260000
1803,0.190000
1804,0.470000
1805,0.770000
1806,0.550000
1807,0.540000
1808,0.220000
1809,0.740000
1810,0.820000
1811,0.850000
1812,0.280000
1813,0.800000
1814,0.540000
1815,0.950000
1816,0.290000
1817,0.840000
1818,0.310000
1819,0.470000
1820,0.410000
1821,0.470000
1822,0.470000
1823,0.920000
1824,0.810000
1825,1.000000
1826,0.750000
1827,0.450000
1828,0.970000
1829,0.710000
1830,0.890000
1831,0.420000
1832,0.290000
1833,0.540000
1834,0.600000
1835,0.770000
1836,0.460000
1837,0.360000
1838,0.160000
1839,0.930000
1840,0.610000
1841,0.110000
1842,0.820000
1843,0.680000
1844,0.290000
1845,0.680000
1846,0.300000
1847,0.730000
1848,0.570000
1849,0.350000
1850,0.550000
1851,0.900000
1852,0.100000
1853,0.830000
1854,0.880000
1855,0.740000
1856,0.910000
1857,0.260000
1858,0.200000
1859,0.280000
1860,0.930000
1861,0.590000
1862,0.290000
1863,0.770000
1864,0.940000
1865,0.420000
1866,0.830000
1867,0.870000
1868,0.840000
1869,0.820000
1870,0.530000
1871,0.830000
1872,0.910000
1873,0.570000
1874,0.190000
1875,0.320000
1876,0.620000
1877,0.020000
1878,0.310000
1879,0.670000
1880,0.760000
1881,0.370000
1882,0.240000
1883,0.420000
1884,0.250000
1885,0.920000
1886,0.320000
1887,0.730000
1888,0.980000
1889,0.920000
1890,0.120000
1891,0.800000
1892,0.280000
1893,0.790000
1894,0.480000
1895,0.420000
1896,0.770000
1897,0.930000
1898,0.580000
1899,0.800000
1900,0.260000
1901,0.850000
1902,0.830000
1903,0.610000
1904,0.040000
1905,0.240000
1906,0.140000
1907,0.660000
1908,0.210000
1909,0.830000
1910,0.160000
1911,0.270000
1912,0.770000
1913,0.090000
1914,0.830000
1915,0.690000
1916,0.380000
1917,0.240000
1918,0.320000
1919,0.590000
1920,0.540000
1921,0.950000
1922,0.580000
1923,0.260000
1924,0.380000
1925,0.930000
1926,0.420000
1927,0.350000
1928,0.730000
1929,0.790000
1930,0.150000
1931,0.280000
1932,0.230000
1933,0.280000
1934,0.950000
1935,0.050000
1936,0.270000
1937,0.330000
1938,0.970000
1939,0.610000
1940,0.610000
1941,0.930000
1942,0.960000
1943,0.700000
1944,0.290000
1945,0.380000
1946,0.420000
1947,0.600000
1948,0.620000
1949,0.190000
1950,0.290000
1951,0.870000
1952,0.150000
1953,0.970000
1954,0.390000
1955,0.730000
1956,0.320000
1957,0.220000
1958,0.220000
1959,0.660000
1960,0.430000
1961,0.200000
1962,0.160000
1963,0.350000
1964,0.540000
1965,0.410000
1966,0.370000
1967,0.790000
1968,0.410000
1969,0.830000
1970,0.300000
1971,0.530000
1972,0.750000
1973,0.870000
1974,0.670000
1975,0.810000
1976,0.850000
1977,0.240000
1978,0.770000
1979,0.070000
1980,0.740000
1981,0.830000
1982,0.170000
1983,0.440000
1984,0.300000
1985,0.330000
1986,0.980000
1987,0.350000
1988,0.490000
1989,1.000000
1990,0.720000
1991,0.330000
1992,0.730000
1993,0.730000
1994,0.250000
1995,0.360000
1996,0.880000
1997,0.910000
1998,0.950000
1999,0.470000
2000,0.380000
2001,0.470000
2002,1.000000
2003,0.460000
2004,0.800000
2005,0.690000
2006,0.340000
2007,0.150000
2008,0.930000
2009,0.140000
2010,0.300000
2011,0.350000
2012,0.670000
2013,0.660000
2014,0.590000
2015,0.910000
2016,0.890000
2017,0.270000
2018,0.520000
2019,0.780000
2020,0.810000
2021,0.320000
2022,0.790000
2023,0.740000
2024,0.460000
2025,0.380000
2026,0.250000
2027,0.190000
2028,0.360000
2029,0.290000
2030,0.760000
2031,0.380000
2032,0.800000
2033,0.440000
2034,0.220000
2035,0.640000
2036,0.820000
2037,0.140000
2038,0.380000
2039,0.660000
2040,0.580000
2041,0.410000
2042,0.530000
2043,0.450000
2044,0.290000
2045,0.410000
2046,0.450000
2047,0.950000
2048,0.950000
2049,0.290000
2050,0.140000
2051,0.450000
2052,0.880000
2053,0.640000
2054,0.500000
2055,0.730000
2056,0.610000
2057,0.860000
2058,0.710000
2059,0.340000
2060,0.400000
2061,0.430000
2062,0.930000
2063,0.680000
2064,0.060000
2065,0.260000
2066,0.460000
2067,0.570000
2068,0.570000
2069,0.650000
2070,0.920000
2071,0.190000
2072,0.320000
2073,0.660000
2074,0.980000
2075,0.230000
2076,0.850000
2077,0.310000
2078,0.760000
2079,0.940000
2080,0.690000
2081,0.980000
2082,0.450000
2083,0.490000
2084,0.970000
2085,0.310000
2086,0.310000
2087,0.170000
2088,0.420000
2089,0.540000
2090,0.110000
2091,0.420000
2092,0.710000
2093,0.330000
2094,0.590000
2095,0.460000
2096,0.510000
2097,0.910000
2098,0.870000
2099,0.900000
2100,0.870000
2101,0.390000
2102,0.250000
2103,0.650000
2104,0.520000
2105,0.790000
2106,0.240000
2107,0.590000
2108,0.860000
2109,0.680000
2110,0.530000
2111,0.570000
2112,0.270000
2113,0.790000
2114,0.420000
2115,0.280000
2116,0.310000
2117,0.720000
2118,0.230000
2119,0.340000
2120,0.900000
2121,0.930000
2122,0.800000
2123,0.580000
2124,0.270000
2125,0.850000
2126,0.210000
2127,0.900000
2128,0.500000
2129,0.930000
2130,0.150000
2131,0.740000
2132,0.240000
2133,0.340000
2134,0.710000
2135,0.640000
2136,0.220000
2137,0.660000
2138,0.930000
2139,0.660000
2140,0.280000
2141,0.180000
2142,0.380000
2143,0.400000
2144,0.250000
2145,0.360000
2146,0.960000
2147,0.950000
2148,0.620000
2149,0.320000
2150,0.340000
2151,0.310000
2152,0.300000
2153,0.350000
2154,0.680000
2155,0.760000
2156,0.050000
2157,0.310000
2158,0.490000
2159,0.700000
2160,0.970000
2161,0.900000
2162,0.880000
2163,0.730000
2164,0.860000
2165,0.700000
2166,0.520000
2167,0.880000
2168,0.250000
2169,0.130000
2170,0.810000
2171,0.520000
2172,0.850000
2173,0.210000
2174,0.040000
2175,0.010000
2176,0.790000
2177,0.320000
2178,0.330000
2179,0.510000
2180,0.780000
2181,0.630000
2182,0.350000
2183,0.540000
2184,0.250000
2185,0.280000
2186,0.100000
2187,0.100000
2188,0.960000
2189,0.170000
2190,0.420000
2191,0.300000
2192,0.430000
2193,0.760000
2194,0.350000
2195,0.200000
2196,0.360000
2197,0.340000
2198,0.310000
2199,0.750000
2200,0.750000
2201,0.810000
2202,0.820000
2203,0.210000
2204,0.590000
2205,0.170000
2206,0.330000
2207,0.610000
2208,0.950000
2209,0.210000
2210,0.190000
2211,0.750000
2212,0.500000
2213,0.840000
2214,0.720000
2215,0.930000
2216,0.370000
2217,0.810000
2218,0.340000
2219,0.750000
2220,0.950000
2221,0.240000
2222,0.740000
2223,0.950000
2224,0.230000
2225,0.280000
2226,0.560000
2227,0.690000
2228,0.510000
2229,0.070000
2230,0.650000
2231,0.610000
2232,0.030000
2233,0.970000
2234,0.160000
2235,0.040000
2236,0.050000
2237,0.110000
2238,0.520000
2239,0.940000
2240,0.440000
2241,0.970000
2242,0.910000
2243,0.540000
2244,0.970000
2245,0.900000
2246,0.460000
2247,0.390000
2248,0.610000
2249,0.690000
2250,0.570000
2251,0.330000
2252,0.050000
2253,0.410000
2254,0.620000
2255,0.710000
2256,0.420000
2257,0.140000
2258,0.580000
2259,0.640000
2260,0.720000
2261,0.900000
2262,0.150000
2263,0.200000
2264,0.410000
2265,0.880000
2266,0.940000
2267,0.550000
2268,0.390000
2269,0.160000
2270,0.440000
2271,0.950000
2272,0.420000
2273,0.420000
2274,0.510000
2275,0.570000
2276,0.880000
2277,0.180000
2278,0.630000
2279,0.410000
2280,0.120000
2281,0.400000
2282,0.300000
2283,0.220000
2284,0.430000
2285,0.370000
2286,0.580000
2287,0.260000
2288,0.970000
2289,0.770000
2290,0.820000
2291,0.890000
2292,0.400000
2293,0.990000
2294,0.900000
2295,0.670000
2296,0.200000
2297,0.420000
2298,0.620000
2299,0.490000
2300,0.960000
2301,0.160000
2302,0.910000
2303,0.720000
2304,0.830000
2305,0.660000
2306,0.590000
2307,0.740000
2308,0.250000
2309,0.860000
2310,0.850000
2311,0.320000
2312,0.670000
2313,0.960000
2314,0.950000
2315,0.300000
2316,0.710000
2317,0.000000
2318,0.380000
2319,0.950000
2320,0.550000
2321,0.820000
2322,0.780000
2323,0.250000
2324,0.970000
2325,0.160000
2326,0.460000
2327,0.810000
2328,0.820000
2329,0.260000
2330,0.340000
2331,0.480000
2332,0.110000
2333,0.840000
2334,0.350000
2335,0.520000
2336,0.960000
2337,0.280000
2338,0.870000
2339,0.270000
2340,0.940000
2341,0.900000
2342,0.950000
2343,0.970000
2344,0.550000
2345,0.840000
2346,0.550000
2347,0.580000
2348,0.320000
2349,0.280000
2350,0.050000
2351,0.770000
2352,0.410000
2353,0.400000
2354,0.340000
2355,0.190000
2356,0.260000
2357,0.810000
2358,0.440000
2359,0.960000
2360,0.670000
2361,0.770000
2362,0.230000
2363,0.720000
2364,0.180000
2365,0.440000
2366,0.870000
2367,0.720000
2368,0.490000
2369,0.910000
2370,0.910000
2371,0.500000
2372,0.780000
2373,0.220000
2374,0.280000
2375,0.300000
2376,0.930000
2377,0.090000
2378,0.180000
2379,0.040000
2380,0.870000
2381,0.050000
2382,0.380000
2383,0.800000
2384,0.280000
2385,0.220000
2386,0.690000
2387,0.770000
2388,0.360000
2389,0.940000
2390,0.710000
2391,0.880000
2392,0.270000
2393,0.930000
2394,0.950000
2395,0.160000
2396,0.860000
2397,0.030000
2398,0.050000
2399,0.870000
2400,0.740000
2401,0.470000
2402,0.420000
2403,0.550000
2404,0.670000
2405,0.700000
2406,0.890000
2407,0.510000
2408,0.950000
2409,0.960000
2410,0.580000
2411,0.970000
2412,0.410000
2413,0.750000
2414,0.190000
2415,0.220000
2416,0.610000
2417,0.710000
2418,0.660000
2419,0.170000
2420,0.270000
2421,0.130000
2422,0.410000
2423,0.340000
2424,0.920000
2425,0.500000
2426,0.660000
2427,0.140000
2428,0.880000
2429,0.860000
2430,0.960000
2431,0.530000
2432,0.240000
2433,0.460000
2434,0.510000
2435,0.310000
2436,0.840000
2437,0.120000
2438,0.220000
2439,0.790000
2440,0.870000
2441,0.920000
2442,0.090000
2443,0.030000
2444,0.640000
2445,0.760000
2446,0.590000
2447,0.880000
2448,0.280000
2449,0.440000
2450,0.240000
2451,0.380000
2452,0.330000
2453,0.070000
2454,0.730000
2455,0.080000
2456,0.170000
2457,0.530000
2458,0.490000
2459,0.290000
2460,0.930000
2461,0.560000
2462,0.880000
2463,0.950000
2464,0.810000
2465,0.490000
2466,0.990000
2467,0.710000
2468,0.250000
2469,0.670000
2470,0.310000
2471,0.940000
2472,0.460000
2473,0.470000
2474,0.480000
2475,0.360000
2476,0.870000
2477,0.130000
2478,0.220000
2479,0.760000
2480,0.790000
2481,0.140000
2482,0.770000
2483,0.200000
2484,0.310000
2485,0.560000
2486,0.870000
2487,0.170000
2488,0.490000
2489,0.730000
2490,0.400000
2491,0.680000
2492,0.980000
2493,0.960000
2494,0.490000
2495,0.630000
2496,0.330000
2497,0.310000
2498,0.160000
2499,0.910000
2500,0.630000
2501,0.310000
